f_sigma,f_max,noise,alpha,beta,total_reward,seed
0.1,0.6,0.05,0.05,0.05,153,2
0.1,0.6,0.05,0.05,0.1,63,2
0.1,0.6,0.05,0.05,0.15,150,2
0.1,0.6,0.05,0.05,0.2,133,2
0.1,0.6,0.05,0.05,0.25,152,2
0.1,0.6,0.05,0.05,0.3,150,2
0.1,0.6,0.05,0.1,0.05,104,2
0.1,0.6,0.05,0.1,0.1,145,2
0.1,0.6,0.05,0.1,0.15,147,2
0.1,0.6,0.05,0.1,0.2,116,2
0.1,0.6,0.05,0.1,0.25,104,2
0.1,0.6,0.05,0.1,0.3,76,2
0.1,0.6,0.05,0.15,0.05,77,2
0.1,0.6,0.05,0.15,0.1,82,2
0.1,0.6,0.05,0.15,0.15,141,2
0.1,0.6,0.05,0.15,0.2,142,2
0.1,0.6,0.05,0.15,0.25,144,2
0.1,0.6,0.05,0.15,0.3,152,2
0.1,0.6,0.05,0.2,0.05,110,2
0.1,0.6,0.05,0.2,0.1,0,2
0.1,0.6,0.05,0.2,0.15,79,2
0.1,0.6,0.05,0.2,0.2,2,2
0.1,0.6,0.05,0.2,0.25,71,2
0.1,0.6,0.05,0.2,0.3,119,2
0.1,0.6,0.05,0.25,0.05,138,2
0.1,0.6,0.05,0.25,0.1,143,2
0.1,0.6,0.05,0.25,0.15,155,2
0.1,0.6,0.05,0.25,0.2,0,2
0.1,0.6,0.05,0.25,0.25,35,2
0.1,0.6,0.05,0.25,0.3,116,2
0.1,0.6,0.05,0.3,0.05,148,2
0.1,0.6,0.05,0.3,0.1,126,2
0.1,0.6,0.05,0.3,0.15,132,2
0.1,0.6,0.05,0.3,0.2,144,2
0.1,0.6,0.05,0.3,0.25,147,2
0.1,0.6,0.05,0.3,0.3,151,2
0.1,0.6,0.1,0.05,0.05,121,2
0.1,0.6,0.1,0.05,0.1,140,2
0.1,0.6,0.1,0.05,0.15,111,2
0.1,0.6,0.1,0.05,0.2,127,2
0.1,0.6,0.1,0.05,0.25,136,2
0.1,0.6,0.1,0.05,0.3,152,2
0.1,0.6,0.1,0.1,0.05,67,2
0.1,0.6,0.1,0.1,0.1,143,2
0.1,0.6,0.1,0.1,0.15,148,2
0.1,0.6,0.1,0.1,0.2,135,2
0.1,0.6,0.1,0.1,0.25,133,2
0.1,0.6,0.1,0.1,0.3,143,2
0.1,0.6,0.1,0.15,0.05,126,2
0.1,0.6,0.1,0.15,0.1,44,2
0.1,0.6,0.1,0.15,0.15,136,2
0.1,0.6,0.1,0.15,0.2,140,2
0.1,0.6,0.1,0.15,0.25,140,2
0.1,0.6,0.1,0.15,0.3,93,2
0.1,0.6,0.1,0.2,0.05,0,2
0.1,0.6,0.1,0.2,0.1,138,2
0.1,0.6,0.1,0.2,0.15,142,2
0.1,0.6,0.1,0.2,0.2,64,2
0.1,0.6,0.1,0.2,0.25,112,2
0.1,0.6,0.1,0.2,0.3,0,2
0.1,0.6,0.1,0.25,0.05,150,2
0.1,0.6,0.1,0.25,0.1,21,2
0.1,0.6,0.1,0.25,0.15,157,2
0.1,0.6,0.1,0.25,0.2,151,2
0.1,0.6,0.1,0.25,0.25,143,2
0.1,0.6,0.1,0.25,0.3,5,2
0.1,0.6,0.1,0.3,0.05,151,2
0.1,0.6,0.1,0.3,0.1,144,2
0.1,0.6,0.1,0.3,0.15,83,2
0.1,0.6,0.1,0.3,0.2,96,2
0.1,0.6,0.1,0.3,0.25,139,2
0.1,0.6,0.1,0.3,0.3,153,2
0.1,0.6,0.15,0.05,0.05,73,2
0.1,0.6,0.15,0.05,0.1,121,2
0.1,0.6,0.15,0.05,0.15,149,2
0.1,0.6,0.15,0.05,0.2,124,2
0.1,0.6,0.15,0.05,0.25,151,2
0.1,0.6,0.15,0.05,0.3,151,2
0.1,0.6,0.15,0.1,0.05,88,2
0.1,0.6,0.15,0.1,0.1,141,2
0.1,0.6,0.15,0.1,0.15,113,2
0.1,0.6,0.15,0.1,0.2,139,2
0.1,0.6,0.15,0.1,0.25,104,2
0.1,0.6,0.15,0.1,0.3,101,2
0.1,0.6,0.15,0.15,0.05,136,2
0.1,0.6,0.15,0.15,0.1,77,2
0.1,0.6,0.15,0.15,0.15,105,2
0.1,0.6,0.15,0.15,0.2,37,2
0.1,0.6,0.15,0.15,0.25,139,2
0.1,0.6,0.15,0.15,0.3,136,2
0.1,0.6,0.15,0.2,0.05,3,2
0.1,0.6,0.15,0.2,0.1,120,2
0.1,0.6,0.15,0.2,0.15,141,2
0.1,0.6,0.15,0.2,0.2,0,2
0.1,0.6,0.15,0.2,0.25,114,2
0.1,0.6,0.15,0.2,0.3,131,2
0.1,0.6,0.15,0.25,0.05,155,2
0.1,0.6,0.15,0.25,0.1,145,2
0.1,0.6,0.15,0.25,0.15,107,2
0.1,0.6,0.15,0.25,0.2,142,2
0.1,0.6,0.15,0.25,0.25,142,2
0.1,0.6,0.15,0.25,0.3,146,2
0.1,0.6,0.15,0.3,0.05,142,2
0.1,0.6,0.15,0.3,0.1,150,2
0.1,0.6,0.15,0.3,0.15,145,2
0.1,0.6,0.15,0.3,0.2,39,2
0.1,0.6,0.15,0.3,0.25,84,2
0.1,0.6,0.15,0.3,0.3,139,2
0.1,0.6,0.2,0.05,0.05,88,2
0.1,0.6,0.2,0.05,0.1,126,2
0.1,0.6,0.2,0.05,0.15,81,2
0.1,0.6,0.2,0.05,0.2,136,2
0.1,0.6,0.2,0.05,0.25,126,2
0.1,0.6,0.2,0.05,0.3,98,2
0.1,0.6,0.2,0.1,0.05,68,2
0.1,0.6,0.2,0.1,0.1,8,2
0.1,0.6,0.2,0.1,0.15,149,2
0.1,0.6,0.2,0.1,0.2,141,2
0.1,0.6,0.2,0.1,0.25,144,2
0.1,0.6,0.2,0.1,0.3,83,2
0.1,0.6,0.2,0.15,0.05,128,2
0.1,0.6,0.2,0.15,0.1,104,2
0.1,0.6,0.2,0.15,0.15,81,2
0.1,0.6,0.2,0.15,0.2,108,2
0.1,0.6,0.2,0.15,0.25,111,2
0.1,0.6,0.2,0.15,0.3,127,2
0.1,0.6,0.2,0.2,0.05,0,2
0.1,0.6,0.2,0.2,0.1,103,2
0.1,0.6,0.2,0.2,0.15,135,2
0.1,0.6,0.2,0.2,0.2,0,2
0.1,0.6,0.2,0.2,0.25,27,2
0.1,0.6,0.2,0.2,0.3,76,2
0.1,0.6,0.2,0.25,0.05,144,2
0.1,0.6,0.2,0.25,0.1,143,2
0.1,0.6,0.2,0.25,0.15,67,2
0.1,0.6,0.2,0.25,0.2,108,2
0.1,0.6,0.2,0.25,0.25,137,2
0.1,0.6,0.2,0.25,0.3,133,2
0.1,0.6,0.2,0.3,0.05,151,2
0.1,0.6,0.2,0.3,0.1,154,2
0.1,0.6,0.2,0.3,0.15,144,2
0.1,0.6,0.2,0.3,0.2,137,2
0.1,0.6,0.2,0.3,0.25,131,2
0.1,0.6,0.2,0.3,0.3,129,2
0.1,0.6,0.25,0.05,0.05,112,2
0.1,0.6,0.25,0.05,0.1,87,2
0.1,0.6,0.25,0.05,0.15,130,2
0.1,0.6,0.25,0.05,0.2,130,2
0.1,0.6,0.25,0.05,0.25,151,2
0.1,0.6,0.25,0.05,0.3,127,2
0.1,0.6,0.25,0.1,0.05,52,2
0.1,0.6,0.25,0.1,0.1,135,2
0.1,0.6,0.25,0.1,0.15,149,2
0.1,0.6,0.25,0.1,0.2,148,2
0.1,0.6,0.25,0.1,0.25,109,2
0.1,0.6,0.25,0.1,0.3,144,2
0.1,0.6,0.25,0.15,0.05,124,2
0.1,0.6,0.25,0.15,0.1,139,2
0.1,0.6,0.25,0.15,0.15,64,2
0.1,0.6,0.25,0.15,0.2,113,2
0.1,0.6,0.25,0.15,0.25,102,2
0.1,0.6,0.25,0.15,0.3,25,2
0.1,0.6,0.25,0.2,0.05,0,2
0.1,0.6,0.25,0.2,0.1,90,2
0.1,0.6,0.25,0.2,0.15,85,2
0.1,0.6,0.25,0.2,0.2,0,2
0.1,0.6,0.25,0.2,0.25,0,2
0.1,0.6,0.25,0.2,0.3,0,2
0.1,0.6,0.25,0.25,0.05,146,2
0.1,0.6,0.25,0.25,0.1,149,2
0.1,0.6,0.25,0.25,0.15,0,2
0.1,0.6,0.25,0.25,0.2,77,2
0.1,0.6,0.25,0.25,0.25,126,2
0.1,0.6,0.25,0.25,0.3,139,2
0.1,0.6,0.25,0.3,0.05,148,2
0.1,0.6,0.25,0.3,0.1,153,2
0.1,0.6,0.25,0.3,0.15,148,2
0.1,0.6,0.25,0.3,0.2,148,2
0.1,0.6,0.25,0.3,0.25,44,2
0.1,0.6,0.25,0.3,0.3,70,2
0.1,0.6,0.3,0.05,0.05,101,2
0.1,0.6,0.3,0.05,0.1,95,2
0.1,0.6,0.3,0.05,0.15,144,2
0.1,0.6,0.3,0.05,0.2,89,2
0.1,0.6,0.3,0.05,0.25,114,2
0.1,0.6,0.3,0.05,0.3,152,2
0.1,0.6,0.3,0.1,0.05,135,2
0.1,0.6,0.3,0.1,0.1,125,2
0.1,0.6,0.3,0.1,0.15,144,2
0.1,0.6,0.3,0.1,0.2,139,2
0.1,0.6,0.3,0.1,0.25,151,2
0.1,0.6,0.3,0.1,0.3,118,2
0.1,0.6,0.3,0.15,0.05,120,2
0.1,0.6,0.3,0.15,0.1,92,2
0.1,0.6,0.3,0.15,0.15,89,2
0.1,0.6,0.3,0.15,0.2,103,2
0.1,0.6,0.3,0.15,0.25,125,2
0.1,0.6,0.3,0.15,0.3,12,2
0.1,0.6,0.3,0.2,0.05,0,2
0.1,0.6,0.3,0.2,0.1,34,2
0.1,0.6,0.3,0.2,0.15,119,2
0.1,0.6,0.3,0.2,0.2,142,2
0.1,0.6,0.3,0.2,0.25,137,2
0.1,0.6,0.3,0.2,0.3,33,2
0.1,0.6,0.3,0.25,0.05,143,2
0.1,0.6,0.3,0.25,0.1,156,2
0.1,0.6,0.3,0.25,0.15,137,2
0.1,0.6,0.3,0.25,0.2,72,2
0.1,0.6,0.3,0.25,0.25,106,2
0.1,0.6,0.3,0.25,0.3,131,2
0.1,0.6,0.3,0.3,0.05,146,2
0.1,0.6,0.3,0.3,0.1,143,2
0.1,0.6,0.3,0.3,0.15,147,2
0.1,0.6,0.3,0.3,0.2,140,2
0.1,0.6,0.3,0.3,0.25,143,2
0.1,0.6,0.3,0.3,0.3,24,2
0.2,0.6,0.05,0.05,0.05,161,2
0.2,0.6,0.05,0.05,0.1,110,2
0.2,0.6,0.05,0.05,0.15,163,2
0.2,0.6,0.05,0.05,0.2,149,2
0.2,0.6,0.05,0.05,0.25,144,2
0.2,0.6,0.05,0.05,0.3,160,2
0.2,0.6,0.05,0.1,0.05,152,2
0.2,0.6,0.05,0.1,0.1,164,2
0.2,0.6,0.05,0.1,0.15,160,2
0.2,0.6,0.05,0.1,0.2,147,2
0.2,0.6,0.05,0.1,0.25,135,2
0.2,0.6,0.05,0.1,0.3,135,2
0.2,0.6,0.05,0.15,0.05,167,2
0.2,0.6,0.05,0.15,0.1,172,2
0.2,0.6,0.05,0.15,0.15,171,2
0.2,0.6,0.05,0.15,0.2,156,2
0.2,0.6,0.05,0.15,0.25,158,2
0.2,0.6,0.05,0.15,0.3,170,2
0.2,0.6,0.05,0.2,0.05,160,2
0.2,0.6,0.05,0.2,0.1,168,2
0.2,0.6,0.05,0.2,0.15,169,2
0.2,0.6,0.05,0.2,0.2,165,2
0.2,0.6,0.05,0.2,0.25,162,2
0.2,0.6,0.05,0.2,0.3,157,2
0.2,0.6,0.05,0.25,0.05,167,2
0.2,0.6,0.05,0.25,0.1,157,2
0.2,0.6,0.05,0.25,0.15,169,2
0.2,0.6,0.05,0.25,0.2,174,2
0.2,0.6,0.05,0.25,0.25,169,2
0.2,0.6,0.05,0.25,0.3,167,2
0.2,0.6,0.05,0.3,0.05,170,2
0.2,0.6,0.05,0.3,0.1,164,2
0.2,0.6,0.05,0.3,0.15,168,2
0.2,0.6,0.05,0.3,0.2,168,2
0.2,0.6,0.05,0.3,0.25,169,2
0.2,0.6,0.05,0.3,0.3,164,2
0.2,0.6,0.1,0.05,0.05,165,2
0.2,0.6,0.1,0.05,0.1,144,2
0.2,0.6,0.1,0.05,0.15,143,2
0.2,0.6,0.1,0.05,0.2,117,2
0.2,0.6,0.1,0.05,0.25,116,2
0.2,0.6,0.1,0.05,0.3,161,2
0.2,0.6,0.1,0.1,0.05,158,2
0.2,0.6,0.1,0.1,0.1,153,2
0.2,0.6,0.1,0.1,0.15,167,2
0.2,0.6,0.1,0.1,0.2,158,2
0.2,0.6,0.1,0.1,0.25,145,2
0.2,0.6,0.1,0.1,0.3,163,2
0.2,0.6,0.1,0.15,0.05,169,2
0.2,0.6,0.1,0.15,0.1,165,2
0.2,0.6,0.1,0.15,0.15,173,2
0.2,0.6,0.1,0.15,0.2,168,2
0.2,0.6,0.1,0.15,0.25,158,2
0.2,0.6,0.1,0.15,0.3,158,2
0.2,0.6,0.1,0.2,0.05,173,2
0.2,0.6,0.1,0.2,0.1,160,2
0.2,0.6,0.1,0.2,0.15,165,2
0.2,0.6,0.1,0.2,0.2,172,2
0.2,0.6,0.1,0.2,0.25,170,2
0.2,0.6,0.1,0.2,0.3,160,2
0.2,0.6,0.1,0.25,0.05,166,2
0.2,0.6,0.1,0.25,0.1,166,2
0.2,0.6,0.1,0.25,0.15,166,2
0.2,0.6,0.1,0.25,0.2,169,2
0.2,0.6,0.1,0.25,0.25,167,2
0.2,0.6,0.1,0.25,0.3,169,2
0.2,0.6,0.1,0.3,0.05,170,2
0.2,0.6,0.1,0.3,0.1,170,2
0.2,0.6,0.1,0.3,0.15,163,2
0.2,0.6,0.1,0.3,0.2,166,2
0.2,0.6,0.1,0.3,0.25,168,2
0.2,0.6,0.1,0.3,0.3,169,2
0.2,0.6,0.15,0.05,0.05,156,2
0.2,0.6,0.15,0.05,0.1,152,2
0.2,0.6,0.15,0.05,0.15,163,2
0.2,0.6,0.15,0.05,0.2,143,2
0.2,0.6,0.15,0.05,0.25,161,2
0.2,0.6,0.15,0.05,0.3,148,2
0.2,0.6,0.15,0.1,0.05,139,2
0.2,0.6,0.15,0.1,0.1,157,2
0.2,0.6,0.15,0.1,0.15,144,2
0.2,0.6,0.15,0.1,0.2,145,2
0.2,0.6,0.15,0.1,0.25,166,2
0.2,0.6,0.15,0.1,0.3,161,2
0.2,0.6,0.15,0.15,0.05,166,2
0.2,0.6,0.15,0.15,0.1,164,2
0.2,0.6,0.15,0.15,0.15,171,2
0.2,0.6,0.15,0.15,0.2,170,2
0.2,0.6,0.15,0.15,0.25,166,2
0.2,0.6,0.15,0.15,0.3,158,2
0.2,0.6,0.15,0.2,0.05,156,2
0.2,0.6,0.15,0.2,0.1,171,2
0.2,0.6,0.15,0.2,0.15,166,2
0.2,0.6,0.15,0.2,0.2,167,2
0.2,0.6,0.15,0.2,0.25,168,2
0.2,0.6,0.15,0.2,0.3,166,2
0.2,0.6,0.15,0.25,0.05,170,2
0.2,0.6,0.15,0.25,0.1,162,2
0.2,0.6,0.15,0.25,0.15,168,2
0.2,0.6,0.15,0.25,0.2,164,2
0.2,0.6,0.15,0.25,0.25,169,2
0.2,0.6,0.15,0.25,0.3,171,2
0.2,0.6,0.15,0.3,0.05,168,2
0.2,0.6,0.15,0.3,0.1,168,2
0.2,0.6,0.15,0.3,0.15,165,2
0.2,0.6,0.15,0.3,0.2,161,2
0.2,0.6,0.15,0.3,0.25,169,2
0.2,0.6,0.15,0.3,0.3,170,2
0.2,0.6,0.2,0.05,0.05,156,2
0.2,0.6,0.2,0.05,0.1,162,2
0.2,0.6,0.2,0.05,0.15,160,2
0.2,0.6,0.2,0.05,0.2,157,2
0.2,0.6,0.2,0.05,0.25,157,2
0.2,0.6,0.2,0.05,0.3,157,2
0.2,0.6,0.2,0.1,0.05,139,2
0.2,0.6,0.2,0.1,0.1,150,2
0.2,0.6,0.2,0.1,0.15,156,2
0.2,0.6,0.2,0.1,0.2,146,2
0.2,0.6,0.2,0.1,0.25,163,2
0.2,0.6,0.2,0.1,0.3,147,2
0.2,0.6,0.2,0.15,0.05,172,2
0.2,0.6,0.2,0.15,0.1,165,2
0.2,0.6,0.2,0.15,0.15,163,2
0.2,0.6,0.2,0.15,0.2,171,2
0.2,0.6,0.2,0.15,0.25,168,2
0.2,0.6,0.2,0.15,0.3,169,2
0.2,0.6,0.2,0.2,0.05,165,2
0.2,0.6,0.2,0.2,0.1,168,2
0.2,0.6,0.2,0.2,0.15,163,2
0.2,0.6,0.2,0.2,0.2,141,2
0.2,0.6,0.2,0.2,0.25,165,2
0.2,0.6,0.2,0.2,0.3,168,2
0.2,0.6,0.2,0.25,0.05,171,2
0.2,0.6,0.2,0.25,0.1,172,2
0.2,0.6,0.2,0.25,0.15,169,2
0.2,0.6,0.2,0.25,0.2,162,2
0.2,0.6,0.2,0.25,0.25,163,2
0.2,0.6,0.2,0.25,0.3,159,2
0.2,0.6,0.2,0.3,0.05,170,2
0.2,0.6,0.2,0.3,0.1,172,2
0.2,0.6,0.2,0.3,0.15,168,2
0.2,0.6,0.2,0.3,0.2,163,2
0.2,0.6,0.2,0.3,0.25,150,2
0.2,0.6,0.2,0.3,0.3,162,2
0.2,0.6,0.25,0.05,0.05,162,2
0.2,0.6,0.25,0.05,0.1,149,2
0.2,0.6,0.25,0.05,0.15,151,2
0.2,0.6,0.25,0.05,0.2,150,2
0.2,0.6,0.25,0.05,0.25,162,2
0.2,0.6,0.25,0.05,0.3,157,2
0.2,0.6,0.25,0.1,0.05,147,2
0.2,0.6,0.25,0.1,0.1,152,2
0.2,0.6,0.25,0.1,0.15,163,2
0.2,0.6,0.25,0.1,0.2,147,2
0.2,0.6,0.25,0.1,0.25,151,2
0.2,0.6,0.25,0.1,0.3,164,2
0.2,0.6,0.25,0.15,0.05,170,2
0.2,0.6,0.25,0.15,0.1,167,2
0.2,0.6,0.25,0.15,0.15,159,2
0.2,0.6,0.25,0.15,0.2,168,2
0.2,0.6,0.25,0.15,0.25,171,2
0.2,0.6,0.25,0.15,0.3,171,2
0.2,0.6,0.25,0.2,0.05,162,2
0.2,0.6,0.25,0.2,0.1,166,2
0.2,0.6,0.25,0.2,0.15,169,2
0.2,0.6,0.25,0.2,0.2,134,2
0.2,0.6,0.25,0.2,0.25,160,2
0.2,0.6,0.25,0.2,0.3,165,2
0.2,0.6,0.25,0.25,0.05,168,2
0.2,0.6,0.25,0.25,0.1,164,2
0.2,0.6,0.25,0.25,0.15,166,2
0.2,0.6,0.25,0.25,0.2,154,2
0.2,0.6,0.25,0.25,0.25,163,2
0.2,0.6,0.25,0.25,0.3,166,2
0.2,0.6,0.25,0.3,0.05,166,2
0.2,0.6,0.25,0.3,0.1,168,2
0.2,0.6,0.25,0.3,0.15,160,2
0.2,0.6,0.25,0.3,0.2,162,2
0.2,0.6,0.25,0.3,0.25,164,2
0.2,0.6,0.25,0.3,0.3,159,2
0.2,0.6,0.3,0.05,0.05,152,2
0.2,0.6,0.3,0.05,0.1,147,2
0.2,0.6,0.3,0.05,0.15,138,2
0.2,0.6,0.3,0.05,0.2,148,2
0.2,0.6,0.3,0.05,0.25,151,2
0.2,0.6,0.3,0.05,0.3,157,2
0.2,0.6,0.3,0.1,0.05,143,2
0.2,0.6,0.3,0.1,0.1,142,2
0.2,0.6,0.3,0.1,0.15,142,2
0.2,0.6,0.3,0.1,0.2,149,2
0.2,0.6,0.3,0.1,0.25,141,2
0.2,0.6,0.3,0.1,0.3,159,2
0.2,0.6,0.3,0.15,0.05,158,2
0.2,0.6,0.3,0.15,0.1,167,2
0.2,0.6,0.3,0.15,0.15,168,2
0.2,0.6,0.3,0.15,0.2,163,2
0.2,0.6,0.3,0.15,0.25,170,2
0.2,0.6,0.3,0.15,0.3,172,2
0.2,0.6,0.3,0.2,0.05,173,2
0.2,0.6,0.3,0.2,0.1,170,2
0.2,0.6,0.3,0.2,0.15,163,2
0.2,0.6,0.3,0.2,0.2,158,2
0.2,0.6,0.3,0.2,0.25,164,2
0.2,0.6,0.3,0.2,0.3,162,2
0.2,0.6,0.3,0.25,0.05,169,2
0.2,0.6,0.3,0.25,0.1,155,2
0.2,0.6,0.3,0.25,0.15,166,2
0.2,0.6,0.3,0.25,0.2,165,2
0.2,0.6,0.3,0.25,0.25,155,2
0.2,0.6,0.3,0.25,0.3,161,2
0.2,0.6,0.3,0.3,0.05,173,2
0.2,0.6,0.3,0.3,0.1,168,2
0.2,0.6,0.3,0.3,0.15,159,2
0.2,0.6,0.3,0.3,0.2,164,2
0.2,0.6,0.3,0.3,0.25,169,2
0.2,0.6,0.3,0.3,0.3,167,2
0.3,0.6,0.05,0.05,0.05,153,2
0.3,0.6,0.05,0.05,0.1,154,2
0.3,0.6,0.05,0.05,0.15,157,2
0.3,0.6,0.05,0.05,0.2,166,2
0.3,0.6,0.05,0.05,0.25,164,2
0.3,0.6,0.05,0.05,0.3,168,2
0.3,0.6,0.05,0.1,0.05,171,2
0.3,0.6,0.05,0.1,0.1,159,2
0.3,0.6,0.05,0.1,0.15,167,2
0.3,0.6,0.05,0.1,0.2,168,2
0.3,0.6,0.05,0.1,0.25,158,2
0.3,0.6,0.05,0.1,0.3,167,2
0.3,0.6,0.05,0.15,0.05,169,2
0.3,0.6,0.05,0.15,0.1,171,2
0.3,0.6,0.05,0.15,0.15,168,2
0.3,0.6,0.05,0.15,0.2,168,2
0.3,0.6,0.05,0.15,0.25,166,2
0.3,0.6,0.05,0.15,0.3,163,2
0.3,0.6,0.05,0.2,0.05,169,2
0.3,0.6,0.05,0.2,0.1,170,2
0.3,0.6,0.05,0.2,0.15,170,2
0.3,0.6,0.05,0.2,0.2,168,2
0.3,0.6,0.05,0.2,0.25,163,2
0.3,0.6,0.05,0.2,0.3,160,2
0.3,0.6,0.05,0.25,0.05,173,2
0.3,0.6,0.05,0.25,0.1,171,2
0.3,0.6,0.05,0.25,0.15,164,2
0.3,0.6,0.05,0.25,0.2,170,2
0.3,0.6,0.05,0.25,0.25,164,2
0.3,0.6,0.05,0.25,0.3,172,2
0.3,0.6,0.05,0.3,0.05,170,2
0.3,0.6,0.05,0.3,0.1,170,2
0.3,0.6,0.05,0.3,0.15,168,2
0.3,0.6,0.05,0.3,0.2,168,2
0.3,0.6,0.05,0.3,0.25,160,2
0.3,0.6,0.05,0.3,0.3,169,2
0.3,0.6,0.1,0.05,0.05,163,2
0.3,0.6,0.1,0.05,0.1,155,2
0.3,0.6,0.1,0.05,0.15,167,2
0.3,0.6,0.1,0.05,0.2,166,2
0.3,0.6,0.1,0.05,0.25,161,2
0.3,0.6,0.1,0.05,0.3,167,2
0.3,0.6,0.1,0.1,0.05,160,2
0.3,0.6,0.1,0.1,0.1,161,2
0.3,0.6,0.1,0.1,0.15,155,2
0.3,0.6,0.1,0.1,0.2,156,2
0.3,0.6,0.1,0.1,0.25,162,2
0.3,0.6,0.1,0.1,0.3,166,2
0.3,0.6,0.1,0.15,0.05,171,2
0.3,0.6,0.1,0.15,0.1,167,2
0.3,0.6,0.1,0.15,0.15,170,2
0.3,0.6,0.1,0.15,0.2,166,2
0.3,0.6,0.1,0.15,0.25,168,2
0.3,0.6,0.1,0.15,0.3,171,2
0.3,0.6,0.1,0.2,0.05,173,2
0.3,0.6,0.1,0.2,0.1,161,2
0.3,0.6,0.1,0.2,0.15,157,2
0.3,0.6,0.1,0.2,0.2,171,2
0.3,0.6,0.1,0.2,0.25,165,2
0.3,0.6,0.1,0.2,0.3,168,2
0.3,0.6,0.1,0.25,0.05,172,2
0.3,0.6,0.1,0.25,0.1,167,2
0.3,0.6,0.1,0.25,0.15,167,2
0.3,0.6,0.1,0.25,0.2,163,2
0.3,0.6,0.1,0.25,0.25,161,2
0.3,0.6,0.1,0.25,0.3,162,2
0.3,0.6,0.1,0.3,0.05,174,2
0.3,0.6,0.1,0.3,0.1,170,2
0.3,0.6,0.1,0.3,0.15,169,2
0.3,0.6,0.1,0.3,0.2,168,2
0.3,0.6,0.1,0.3,0.25,166,2
0.3,0.6,0.1,0.3,0.3,168,2
0.3,0.6,0.15,0.05,0.05,162,2
0.3,0.6,0.15,0.05,0.1,163,2
0.3,0.6,0.15,0.05,0.15,153,2
0.3,0.6,0.15,0.05,0.2,156,2
0.3,0.6,0.15,0.05,0.25,158,2
0.3,0.6,0.15,0.05,0.3,167,2
0.3,0.6,0.15,0.1,0.05,146,2
0.3,0.6,0.15,0.1,0.1,159,2
0.3,0.6,0.15,0.1,0.15,155,2
0.3,0.6,0.15,0.1,0.2,155,2
0.3,0.6,0.15,0.1,0.25,158,2
0.3,0.6,0.15,0.1,0.3,167,2
0.3,0.6,0.15,0.15,0.05,170,2
0.3,0.6,0.15,0.15,0.1,170,2
0.3,0.6,0.15,0.15,0.15,166,2
0.3,0.6,0.15,0.15,0.2,166,2
0.3,0.6,0.15,0.15,0.25,170,2
0.3,0.6,0.15,0.15,0.3,165,2
0.3,0.6,0.15,0.2,0.05,168,2
0.3,0.6,0.15,0.2,0.1,169,2
0.3,0.6,0.15,0.2,0.15,163,2
0.3,0.6,0.15,0.2,0.2,163,2
0.3,0.6,0.15,0.2,0.25,162,2
0.3,0.6,0.15,0.2,0.3,169,2
0.3,0.6,0.15,0.25,0.05,177,2
0.3,0.6,0.15,0.25,0.1,170,2
0.3,0.6,0.15,0.25,0.15,170,2
0.3,0.6,0.15,0.25,0.2,171,2
0.3,0.6,0.15,0.25,0.25,165,2
0.3,0.6,0.15,0.25,0.3,168,2
0.3,0.6,0.15,0.3,0.05,168,2
0.3,0.6,0.15,0.3,0.1,170,2
0.3,0.6,0.15,0.3,0.15,173,2
0.3,0.6,0.15,0.3,0.2,170,2
0.3,0.6,0.15,0.3,0.25,168,2
0.3,0.6,0.15,0.3,0.3,165,2
0.3,0.6,0.2,0.05,0.05,153,2
0.3,0.6,0.2,0.05,0.1,153,2
0.3,0.6,0.2,0.05,0.15,155,2
0.3,0.6,0.2,0.05,0.2,172,2
0.3,0.6,0.2,0.05,0.25,164,2
0.3,0.6,0.2,0.05,0.3,169,2
0.3,0.6,0.2,0.1,0.05,162,2
0.3,0.6,0.2,0.1,0.1,166,2
0.3,0.6,0.2,0.1,0.15,162,2
0.3,0.6,0.2,0.1,0.2,149,2
0.3,0.6,0.2,0.1,0.25,159,2
0.3,0.6,0.2,0.1,0.3,167,2
0.3,0.6,0.2,0.15,0.05,169,2
0.3,0.6,0.2,0.15,0.1,169,2
0.3,0.6,0.2,0.15,0.15,168,2
0.3,0.6,0.2,0.15,0.2,169,2
0.3,0.6,0.2,0.15,0.25,162,2
0.3,0.6,0.2,0.15,0.3,168,2
0.3,0.6,0.2,0.2,0.05,170,2
0.3,0.6,0.2,0.2,0.1,166,2
0.3,0.6,0.2,0.2,0.15,150,2
0.3,0.6,0.2,0.2,0.2,167,2
0.3,0.6,0.2,0.2,0.25,170,2
0.3,0.6,0.2,0.2,0.3,158,2
0.3,0.6,0.2,0.25,0.05,168,2
0.3,0.6,0.2,0.25,0.1,169,2
0.3,0.6,0.2,0.25,0.15,172,2
0.3,0.6,0.2,0.25,0.2,163,2
0.3,0.6,0.2,0.25,0.25,170,2
0.3,0.6,0.2,0.25,0.3,165,2
0.3,0.6,0.2,0.3,0.05,173,2
0.3,0.6,0.2,0.3,0.1,173,2
0.3,0.6,0.2,0.3,0.15,171,2
0.3,0.6,0.2,0.3,0.2,166,2
0.3,0.6,0.2,0.3,0.25,166,2
0.3,0.6,0.2,0.3,0.3,168,2
0.3,0.6,0.25,0.05,0.05,160,2
0.3,0.6,0.25,0.05,0.1,158,2
0.3,0.6,0.25,0.05,0.15,166,2
0.3,0.6,0.25,0.05,0.2,161,2
0.3,0.6,0.25,0.05,0.25,150,2
0.3,0.6,0.25,0.05,0.3,153,2
0.3,0.6,0.25,0.1,0.05,167,2
0.3,0.6,0.25,0.1,0.1,161,2
0.3,0.6,0.25,0.1,0.15,155,2
0.3,0.6,0.25,0.1,0.2,168,2
0.3,0.6,0.25,0.1,0.25,157,2
0.3,0.6,0.25,0.1,0.3,164,2
0.3,0.6,0.25,0.15,0.05,171,2
0.3,0.6,0.25,0.15,0.1,166,2
0.3,0.6,0.25,0.15,0.15,159,2
0.3,0.6,0.25,0.15,0.2,169,2
0.3,0.6,0.25,0.15,0.25,170,2
0.3,0.6,0.25,0.15,0.3,162,2
0.3,0.6,0.25,0.2,0.05,172,2
0.3,0.6,0.25,0.2,0.1,167,2
0.3,0.6,0.25,0.2,0.15,170,2
0.3,0.6,0.25,0.2,0.2,161,2
0.3,0.6,0.25,0.2,0.25,171,2
0.3,0.6,0.25,0.2,0.3,170,2
0.3,0.6,0.25,0.25,0.05,172,2
0.3,0.6,0.25,0.25,0.1,172,2
0.3,0.6,0.25,0.25,0.15,170,2
0.3,0.6,0.25,0.25,0.2,155,2
0.3,0.6,0.25,0.25,0.25,169,2
0.3,0.6,0.25,0.25,0.3,168,2
0.3,0.6,0.25,0.3,0.05,173,2
0.3,0.6,0.25,0.3,0.1,174,2
0.3,0.6,0.25,0.3,0.15,170,2
0.3,0.6,0.25,0.3,0.2,168,2
0.3,0.6,0.25,0.3,0.25,171,2
0.3,0.6,0.25,0.3,0.3,165,2
0.3,0.6,0.3,0.05,0.05,151,2
0.3,0.6,0.3,0.05,0.1,161,2
0.3,0.6,0.3,0.05,0.15,168,2
0.3,0.6,0.3,0.05,0.2,154,2
0.3,0.6,0.3,0.05,0.25,170,2
0.3,0.6,0.3,0.05,0.3,149,2
0.3,0.6,0.3,0.1,0.05,166,2
0.3,0.6,0.3,0.1,0.1,160,2
0.3,0.6,0.3,0.1,0.15,168,2
0.3,0.6,0.3,0.1,0.2,168,2
0.3,0.6,0.3,0.1,0.25,169,2
0.3,0.6,0.3,0.1,0.3,160,2
0.3,0.6,0.3,0.15,0.05,165,2
0.3,0.6,0.3,0.15,0.1,170,2
0.3,0.6,0.3,0.15,0.15,170,2
0.3,0.6,0.3,0.15,0.2,169,2
0.3,0.6,0.3,0.15,0.25,164,2
0.3,0.6,0.3,0.15,0.3,167,2
0.3,0.6,0.3,0.2,0.05,168,2
0.3,0.6,0.3,0.2,0.1,171,2
0.3,0.6,0.3,0.2,0.15,170,2
0.3,0.6,0.3,0.2,0.2,170,2
0.3,0.6,0.3,0.2,0.25,167,2
0.3,0.6,0.3,0.2,0.3,170,2
0.3,0.6,0.3,0.25,0.05,172,2
0.3,0.6,0.3,0.25,0.1,170,2
0.3,0.6,0.3,0.25,0.15,169,2
0.3,0.6,0.3,0.25,0.2,171,2
0.3,0.6,0.3,0.25,0.25,166,2
0.3,0.6,0.3,0.25,0.3,171,2
0.3,0.6,0.3,0.3,0.05,173,2
0.3,0.6,0.3,0.3,0.1,171,2
0.3,0.6,0.3,0.3,0.15,170,2
0.3,0.6,0.3,0.3,0.2,171,2
0.3,0.6,0.3,0.3,0.25,169,2
0.3,0.6,0.3,0.3,0.3,175,2
0.1,0.6,0.05,0.05,0.05,123,3
0.1,0.6,0.05,0.05,0.1,130,3
0.1,0.6,0.05,0.05,0.15,139,3
0.1,0.6,0.05,0.05,0.2,131,3
0.1,0.6,0.05,0.05,0.25,96,3
0.1,0.6,0.05,0.05,0.3,144,3
0.1,0.6,0.05,0.1,0.05,118,3
0.1,0.6,0.05,0.1,0.1,125,3
0.1,0.6,0.05,0.1,0.15,139,3
0.1,0.6,0.05,0.1,0.2,118,3
0.1,0.6,0.05,0.1,0.25,150,3
0.1,0.6,0.05,0.1,0.3,149,3
0.1,0.6,0.05,0.15,0.05,135,3
0.1,0.6,0.05,0.15,0.1,148,3
0.1,0.6,0.05,0.15,0.15,82,3
0.1,0.6,0.05,0.15,0.2,138,3
0.1,0.6,0.05,0.15,0.25,129,3
0.1,0.6,0.05,0.15,0.3,116,3
0.1,0.6,0.05,0.2,0.05,64,3
0.1,0.6,0.05,0.2,0.1,0,3
0.1,0.6,0.05,0.2,0.15,39,3
0.1,0.6,0.05,0.2,0.2,126,3
0.1,0.6,0.05,0.2,0.25,48,3
0.1,0.6,0.05,0.2,0.3,113,3
0.1,0.6,0.05,0.25,0.05,0,3
0.1,0.6,0.05,0.25,0.1,142,3
0.1,0.6,0.05,0.25,0.15,151,3
0.1,0.6,0.05,0.25,0.2,0,3
0.1,0.6,0.05,0.25,0.25,87,3
0.1,0.6,0.05,0.25,0.3,132,3
0.1,0.6,0.05,0.3,0.05,138,3
0.1,0.6,0.05,0.3,0.1,99,3
0.1,0.6,0.05,0.3,0.15,109,3
0.1,0.6,0.05,0.3,0.2,138,3
0.1,0.6,0.05,0.3,0.25,146,3
0.1,0.6,0.05,0.3,0.3,0,3
0.1,0.6,0.1,0.05,0.05,150,3
0.1,0.6,0.1,0.05,0.1,133,3
0.1,0.6,0.1,0.05,0.15,144,3
0.1,0.6,0.1,0.05,0.2,133,3
0.1,0.6,0.1,0.05,0.25,134,3
0.1,0.6,0.1,0.05,0.3,122,3
0.1,0.6,0.1,0.1,0.05,118,3
0.1,0.6,0.1,0.1,0.1,130,3
0.1,0.6,0.1,0.1,0.15,131,3
0.1,0.6,0.1,0.1,0.2,119,3
0.1,0.6,0.1,0.1,0.25,126,3
0.1,0.6,0.1,0.1,0.3,148,3
0.1,0.6,0.1,0.15,0.05,135,3
0.1,0.6,0.1,0.15,0.1,137,3
0.1,0.6,0.1,0.15,0.15,147,3
0.1,0.6,0.1,0.15,0.2,104,3
0.1,0.6,0.1,0.15,0.25,143,3
0.1,0.6,0.1,0.15,0.3,144,3
0.1,0.6,0.1,0.2,0.05,0,3
0.1,0.6,0.1,0.2,0.1,0,3
0.1,0.6,0.1,0.2,0.15,0,3
0.1,0.6,0.1,0.2,0.2,93,3
0.1,0.6,0.1,0.2,0.25,134,3
0.1,0.6,0.1,0.2,0.3,136,3
0.1,0.6,0.1,0.25,0.05,78,3
0.1,0.6,0.1,0.25,0.1,140,3
0.1,0.6,0.1,0.25,0.15,134,3
0.1,0.6,0.1,0.25,0.2,114,3
0.1,0.6,0.1,0.25,0.25,136,3
0.1,0.6,0.1,0.25,0.3,0,3
0.1,0.6,0.1,0.3,0.05,140,3
0.1,0.6,0.1,0.3,0.1,133,3
0.1,0.6,0.1,0.3,0.15,117,3
0.1,0.6,0.1,0.3,0.2,137,3
0.1,0.6,0.1,0.3,0.25,130,3
0.1,0.6,0.1,0.3,0.3,130,3
0.1,0.6,0.15,0.05,0.05,148,3
0.1,0.6,0.15,0.05,0.1,125,3
0.1,0.6,0.15,0.05,0.15,148,3
0.1,0.6,0.15,0.05,0.2,141,3
0.1,0.6,0.15,0.05,0.25,145,3
0.1,0.6,0.15,0.05,0.3,142,3
0.1,0.6,0.15,0.1,0.05,118,3
0.1,0.6,0.15,0.1,0.1,124,3
0.1,0.6,0.15,0.1,0.15,95,3
0.1,0.6,0.15,0.1,0.2,134,3
0.1,0.6,0.15,0.1,0.25,124,3
0.1,0.6,0.15,0.1,0.3,149,3
0.1,0.6,0.15,0.15,0.05,120,3
0.1,0.6,0.15,0.15,0.1,140,3
0.1,0.6,0.15,0.15,0.15,125,3
0.1,0.6,0.15,0.15,0.2,138,3
0.1,0.6,0.15,0.15,0.25,130,3
0.1,0.6,0.15,0.15,0.3,108,3
0.1,0.6,0.15,0.2,0.05,0,3
0.1,0.6,0.15,0.2,0.1,132,3
0.1,0.6,0.15,0.2,0.15,132,3
0.1,0.6,0.15,0.2,0.2,0,3
0.1,0.6,0.15,0.2,0.25,96,3
0.1,0.6,0.15,0.2,0.3,129,3
0.1,0.6,0.15,0.25,0.05,128,3
0.1,0.6,0.15,0.25,0.1,0,3
0.1,0.6,0.15,0.25,0.15,76,3
0.1,0.6,0.15,0.25,0.2,136,3
0.1,0.6,0.15,0.25,0.25,145,3
0.1,0.6,0.15,0.25,0.3,0,3
0.1,0.6,0.15,0.3,0.05,148,3
0.1,0.6,0.15,0.3,0.1,136,3
0.1,0.6,0.15,0.3,0.15,64,3
0.1,0.6,0.15,0.3,0.2,125,3
0.1,0.6,0.15,0.3,0.25,139,3
0.1,0.6,0.15,0.3,0.3,113,3
0.1,0.6,0.2,0.05,0.05,142,3
0.1,0.6,0.2,0.05,0.1,154,3
0.1,0.6,0.2,0.05,0.15,121,3
0.1,0.6,0.2,0.05,0.2,124,3
0.1,0.6,0.2,0.05,0.25,125,3
0.1,0.6,0.2,0.05,0.3,122,3
0.1,0.6,0.2,0.1,0.05,135,3
0.1,0.6,0.2,0.1,0.1,130,3
0.1,0.6,0.2,0.1,0.15,110,3
0.1,0.6,0.2,0.1,0.2,74,3
0.1,0.6,0.2,0.1,0.25,147,3
0.1,0.6,0.2,0.1,0.3,124,3
0.1,0.6,0.2,0.15,0.05,105,3
0.1,0.6,0.2,0.15,0.1,147,3
0.1,0.6,0.2,0.15,0.15,139,3
0.1,0.6,0.2,0.15,0.2,59,3
0.1,0.6,0.2,0.15,0.25,143,3
0.1,0.6,0.2,0.15,0.3,93,3
0.1,0.6,0.2,0.2,0.05,0,3
0.1,0.6,0.2,0.2,0.1,94,3
0.1,0.6,0.2,0.2,0.15,0,3
0.1,0.6,0.2,0.2,0.2,0,3
0.1,0.6,0.2,0.2,0.25,7,3
0.1,0.6,0.2,0.2,0.3,93,3
0.1,0.6,0.2,0.25,0.05,124,3
0.1,0.6,0.2,0.25,0.1,0,3
0.1,0.6,0.2,0.25,0.15,19,3
0.1,0.6,0.2,0.25,0.2,120,3
0.1,0.6,0.2,0.25,0.25,135,3
0.1,0.6,0.2,0.25,0.3,141,3
0.1,0.6,0.2,0.3,0.05,149,3
0.1,0.6,0.2,0.3,0.1,133,3
0.1,0.6,0.2,0.3,0.15,137,3
0.1,0.6,0.2,0.3,0.2,70,3
0.1,0.6,0.2,0.3,0.25,71,3
0.1,0.6,0.2,0.3,0.3,139,3
0.1,0.6,0.25,0.05,0.05,144,3
0.1,0.6,0.25,0.05,0.1,146,3
0.1,0.6,0.25,0.05,0.15,139,3
0.1,0.6,0.25,0.05,0.2,153,3
0.1,0.6,0.25,0.05,0.25,154,3
0.1,0.6,0.25,0.05,0.3,124,3
0.1,0.6,0.25,0.1,0.05,120,3
0.1,0.6,0.25,0.1,0.1,119,3
0.1,0.6,0.25,0.1,0.15,123,3
0.1,0.6,0.25,0.1,0.2,133,3
0.1,0.6,0.25,0.1,0.25,123,3
0.1,0.6,0.25,0.1,0.3,135,3
0.1,0.6,0.25,0.15,0.05,109,3
0.1,0.6,0.25,0.15,0.1,104,3
0.1,0.6,0.25,0.15,0.15,51,3
0.1,0.6,0.25,0.15,0.2,131,3
0.1,0.6,0.25,0.15,0.25,121,3
0.1,0.6,0.25,0.15,0.3,64,3
0.1,0.6,0.25,0.2,0.05,0,3
0.1,0.6,0.25,0.2,0.1,62,3
0.1,0.6,0.25,0.2,0.15,116,3
0.1,0.6,0.25,0.2,0.2,135,3
0.1,0.6,0.25,0.2,0.25,0,3
0.1,0.6,0.25,0.2,0.3,12,3
0.1,0.6,0.25,0.25,0.05,45,3
0.1,0.6,0.25,0.25,0.1,0,3
0.1,0.6,0.25,0.25,0.15,1,3
0.1,0.6,0.25,0.25,0.2,66,3
0.1,0.6,0.25,0.25,0.25,147,3
0.1,0.6,0.25,0.25,0.3,132,3
0.1,0.6,0.25,0.3,0.05,156,3
0.1,0.6,0.25,0.3,0.1,147,3
0.1,0.6,0.25,0.3,0.15,136,3
0.1,0.6,0.25,0.3,0.2,145,3
0.1,0.6,0.25,0.3,0.25,138,3
0.1,0.6,0.25,0.3,0.3,72,3
0.1,0.6,0.3,0.05,0.05,57,3
0.1,0.6,0.3,0.05,0.1,149,3
0.1,0.6,0.3,0.05,0.15,122,3
0.1,0.6,0.3,0.05,0.2,125,3
0.1,0.6,0.3,0.05,0.25,148,3
0.1,0.6,0.3,0.05,0.3,143,3
0.1,0.6,0.3,0.1,0.05,130,3
0.1,0.6,0.3,0.1,0.1,132,3
0.1,0.6,0.3,0.1,0.15,113,3
0.1,0.6,0.3,0.1,0.2,151,3
0.1,0.6,0.3,0.1,0.25,113,3
0.1,0.6,0.3,0.1,0.3,120,3
0.1,0.6,0.3,0.15,0.05,98,3
0.1,0.6,0.3,0.15,0.1,113,3
0.1,0.6,0.3,0.15,0.15,129,3
0.1,0.6,0.3,0.15,0.2,107,3
0.1,0.6,0.3,0.15,0.25,93,3
0.1,0.6,0.3,0.15,0.3,127,3
0.1,0.6,0.3,0.2,0.05,0,3
0.1,0.6,0.3,0.2,0.1,0,3
0.1,0.6,0.3,0.2,0.15,117,3
0.1,0.6,0.3,0.2,0.2,111,3
0.1,0.6,0.3,0.2,0.25,139,3
0.1,0.6,0.3,0.2,0.3,0,3
0.1,0.6,0.3,0.25,0.05,70,3
0.1,0.6,0.3,0.25,0.1,0,3
0.1,0.6,0.3,0.25,0.15,0,3
0.1,0.6,0.3,0.25,0.2,41,3
0.1,0.6,0.3,0.25,0.25,121,3
0.1,0.6,0.3,0.25,0.3,129,3
0.1,0.6,0.3,0.3,0.05,152,3
0.1,0.6,0.3,0.3,0.1,144,3
0.1,0.6,0.3,0.3,0.15,147,3
0.1,0.6,0.3,0.3,0.2,137,3
0.1,0.6,0.3,0.3,0.25,25,3
0.1,0.6,0.3,0.3,0.3,27,3
0.2,0.6,0.05,0.05,0.05,184,3
0.2,0.6,0.05,0.05,0.1,186,3
0.2,0.6,0.05,0.05,0.15,185,3
0.2,0.6,0.05,0.05,0.2,188,3
0.2,0.6,0.05,0.05,0.25,183,3
0.2,0.6,0.05,0.05,0.3,186,3
0.2,0.6,0.05,0.1,0.05,163,3
0.2,0.6,0.05,0.1,0.1,189,3
0.2,0.6,0.05,0.1,0.15,182,3
0.2,0.6,0.05,0.1,0.2,170,3
0.2,0.6,0.05,0.1,0.25,189,3
0.2,0.6,0.05,0.1,0.3,189,3
0.2,0.6,0.05,0.15,0.05,175,3
0.2,0.6,0.05,0.15,0.1,182,3
0.2,0.6,0.05,0.15,0.15,183,3
0.2,0.6,0.05,0.15,0.2,177,3
0.2,0.6,0.05,0.15,0.25,170,3
0.2,0.6,0.05,0.15,0.3,163,3
0.2,0.6,0.05,0.2,0.05,179,3
0.2,0.6,0.05,0.2,0.1,115,3
0.2,0.6,0.05,0.2,0.15,101,3
0.2,0.6,0.05,0.2,0.2,159,3
0.2,0.6,0.05,0.2,0.25,177,3
0.2,0.6,0.05,0.2,0.3,175,3
0.2,0.6,0.05,0.25,0.05,107,3
0.2,0.6,0.05,0.25,0.1,185,3
0.2,0.6,0.05,0.25,0.15,182,3
0.2,0.6,0.05,0.25,0.2,187,3
0.2,0.6,0.05,0.25,0.25,110,3
0.2,0.6,0.05,0.25,0.3,158,3
0.2,0.6,0.05,0.3,0.05,171,3
0.2,0.6,0.05,0.3,0.1,176,3
0.2,0.6,0.05,0.3,0.15,183,3
0.2,0.6,0.05,0.3,0.2,183,3
0.2,0.6,0.05,0.3,0.25,183,3
0.2,0.6,0.05,0.3,0.3,168,3
0.2,0.6,0.1,0.05,0.05,181,3
0.2,0.6,0.1,0.05,0.1,183,3
0.2,0.6,0.1,0.05,0.15,186,3
0.2,0.6,0.1,0.05,0.2,186,3
0.2,0.6,0.1,0.05,0.25,185,3
0.2,0.6,0.1,0.05,0.3,182,3
0.2,0.6,0.1,0.1,0.05,149,3
0.2,0.6,0.1,0.1,0.1,188,3
0.2,0.6,0.1,0.1,0.15,189,3
0.2,0.6,0.1,0.1,0.2,185,3
0.2,0.6,0.1,0.1,0.25,181,3
0.2,0.6,0.1,0.1,0.3,171,3
0.2,0.6,0.1,0.15,0.05,158,3
0.2,0.6,0.1,0.15,0.1,169,3
0.2,0.6,0.1,0.15,0.15,172,3
0.2,0.6,0.1,0.15,0.2,175,3
0.2,0.6,0.1,0.15,0.25,180,3
0.2,0.6,0.1,0.15,0.3,179,3
0.2,0.6,0.1,0.2,0.05,185,3
0.2,0.6,0.1,0.2,0.1,179,3
0.2,0.6,0.1,0.2,0.15,170,3
0.2,0.6,0.1,0.2,0.2,123,3
0.2,0.6,0.1,0.2,0.25,162,3
0.2,0.6,0.1,0.2,0.3,164,3
0.2,0.6,0.1,0.25,0.05,144,3
0.2,0.6,0.1,0.25,0.1,182,3
0.2,0.6,0.1,0.25,0.15,176,3
0.2,0.6,0.1,0.25,0.2,177,3
0.2,0.6,0.1,0.25,0.25,183,3
0.2,0.6,0.1,0.25,0.3,179,3
0.2,0.6,0.1,0.3,0.05,188,3
0.2,0.6,0.1,0.3,0.1,168,3
0.2,0.6,0.1,0.3,0.15,175,3
0.2,0.6,0.1,0.3,0.2,178,3
0.2,0.6,0.1,0.3,0.25,173,3
0.2,0.6,0.1,0.3,0.3,184,3
0.2,0.6,0.15,0.05,0.05,188,3
0.2,0.6,0.15,0.05,0.1,184,3
0.2,0.6,0.15,0.05,0.15,179,3
0.2,0.6,0.15,0.05,0.2,182,3
0.2,0.6,0.15,0.05,0.25,185,3
0.2,0.6,0.15,0.05,0.3,171,3
0.2,0.6,0.15,0.1,0.05,155,3
0.2,0.6,0.15,0.1,0.1,185,3
0.2,0.6,0.15,0.1,0.15,176,3
0.2,0.6,0.15,0.1,0.2,188,3
0.2,0.6,0.15,0.1,0.25,182,3
0.2,0.6,0.15,0.1,0.3,172,3
0.2,0.6,0.15,0.15,0.05,150,3
0.2,0.6,0.15,0.15,0.1,176,3
0.2,0.6,0.15,0.15,0.15,169,3
0.2,0.6,0.15,0.15,0.2,179,3
0.2,0.6,0.15,0.15,0.25,181,3
0.2,0.6,0.15,0.15,0.3,164,3
0.2,0.6,0.15,0.2,0.05,184,3
0.2,0.6,0.15,0.2,0.1,182,3
0.2,0.6,0.15,0.2,0.15,170,3
0.2,0.6,0.15,0.2,0.2,128,3
0.2,0.6,0.15,0.2,0.25,126,3
0.2,0.6,0.15,0.2,0.3,63,3
0.2,0.6,0.15,0.25,0.05,165,3
0.2,0.6,0.15,0.25,0.1,173,3
0.2,0.6,0.15,0.25,0.15,185,3
0.2,0.6,0.15,0.25,0.2,181,3
0.2,0.6,0.15,0.25,0.25,185,3
0.2,0.6,0.15,0.25,0.3,174,3
0.2,0.6,0.15,0.3,0.05,186,3
0.2,0.6,0.15,0.3,0.1,176,3
0.2,0.6,0.15,0.3,0.15,175,3
0.2,0.6,0.15,0.3,0.2,181,3
0.2,0.6,0.15,0.3,0.25,182,3
0.2,0.6,0.15,0.3,0.3,176,3
0.2,0.6,0.2,0.05,0.05,179,3
0.2,0.6,0.2,0.05,0.1,180,3
0.2,0.6,0.2,0.05,0.15,186,3
0.2,0.6,0.2,0.05,0.2,185,3
0.2,0.6,0.2,0.05,0.25,186,3
0.2,0.6,0.2,0.05,0.3,184,3
0.2,0.6,0.2,0.1,0.05,182,3
0.2,0.6,0.2,0.1,0.1,184,3
0.2,0.6,0.2,0.1,0.15,170,3
0.2,0.6,0.2,0.1,0.2,186,3
0.2,0.6,0.2,0.1,0.25,191,3
0.2,0.6,0.2,0.1,0.3,186,3
0.2,0.6,0.2,0.15,0.05,168,3
0.2,0.6,0.2,0.15,0.1,182,3
0.2,0.6,0.2,0.15,0.15,175,3
0.2,0.6,0.2,0.15,0.2,169,3
0.2,0.6,0.2,0.15,0.25,176,3
0.2,0.6,0.2,0.15,0.3,171,3
0.2,0.6,0.2,0.2,0.05,177,3
0.2,0.6,0.2,0.2,0.1,185,3
0.2,0.6,0.2,0.2,0.15,182,3
0.2,0.6,0.2,0.2,0.2,172,3
0.2,0.6,0.2,0.2,0.25,72,3
0.2,0.6,0.2,0.2,0.3,123,3
0.2,0.6,0.2,0.25,0.05,186,3
0.2,0.6,0.2,0.25,0.1,94,3
0.2,0.6,0.2,0.25,0.15,175,3
0.2,0.6,0.2,0.25,0.2,185,3
0.2,0.6,0.2,0.25,0.25,180,3
0.2,0.6,0.2,0.25,0.3,183,3
0.2,0.6,0.2,0.3,0.05,187,3
0.2,0.6,0.2,0.3,0.1,179,3
0.2,0.6,0.2,0.3,0.15,174,3
0.2,0.6,0.2,0.3,0.2,64,3
0.2,0.6,0.2,0.3,0.25,54,3
0.2,0.6,0.2,0.3,0.3,164,3
0.2,0.6,0.25,0.05,0.05,188,3
0.2,0.6,0.25,0.05,0.1,182,3
0.2,0.6,0.25,0.05,0.15,183,3
0.2,0.6,0.25,0.05,0.2,176,3
0.2,0.6,0.25,0.05,0.25,184,3
0.2,0.6,0.25,0.05,0.3,184,3
0.2,0.6,0.25,0.1,0.05,181,3
0.2,0.6,0.25,0.1,0.1,184,3
0.2,0.6,0.25,0.1,0.15,178,3
0.2,0.6,0.25,0.1,0.2,172,3
0.2,0.6,0.25,0.1,0.25,192,3
0.2,0.6,0.25,0.1,0.3,186,3
0.2,0.6,0.25,0.15,0.05,171,3
0.2,0.6,0.25,0.15,0.1,181,3
0.2,0.6,0.25,0.15,0.15,158,3
0.2,0.6,0.25,0.15,0.2,169,3
0.2,0.6,0.25,0.15,0.25,150,3
0.2,0.6,0.25,0.15,0.3,176,3
0.2,0.6,0.25,0.2,0.05,186,3
0.2,0.6,0.25,0.2,0.1,187,3
0.2,0.6,0.25,0.2,0.15,183,3
0.2,0.6,0.25,0.2,0.2,171,3
0.2,0.6,0.25,0.2,0.25,83,3
0.2,0.6,0.25,0.2,0.3,158,3
0.2,0.6,0.25,0.25,0.05,178,3
0.2,0.6,0.25,0.25,0.1,69,3
0.2,0.6,0.25,0.25,0.15,58,3
0.2,0.6,0.25,0.25,0.2,67,3
0.2,0.6,0.25,0.25,0.25,182,3
0.2,0.6,0.25,0.25,0.3,186,3
0.2,0.6,0.25,0.3,0.05,186,3
0.2,0.6,0.25,0.3,0.1,187,3
0.2,0.6,0.25,0.3,0.15,172,3
0.2,0.6,0.25,0.3,0.2,113,3
0.2,0.6,0.25,0.3,0.25,179,3
0.2,0.6,0.25,0.3,0.3,179,3
0.2,0.6,0.3,0.05,0.05,180,3
0.2,0.6,0.3,0.05,0.1,189,3
0.2,0.6,0.3,0.05,0.15,186,3
0.2,0.6,0.3,0.05,0.2,184,3
0.2,0.6,0.3,0.05,0.25,177,3
0.2,0.6,0.3,0.05,0.3,180,3
0.2,0.6,0.3,0.1,0.05,183,3
0.2,0.6,0.3,0.1,0.1,179,3
0.2,0.6,0.3,0.1,0.15,191,3
0.2,0.6,0.3,0.1,0.2,175,3
0.2,0.6,0.3,0.1,0.25,188,3
0.2,0.6,0.3,0.1,0.3,188,3
0.2,0.6,0.3,0.15,0.05,174,3
0.2,0.6,0.3,0.15,0.1,182,3
0.2,0.6,0.3,0.15,0.15,179,3
0.2,0.6,0.3,0.15,0.2,169,3
0.2,0.6,0.3,0.15,0.25,171,3
0.2,0.6,0.3,0.15,0.3,165,3
0.2,0.6,0.3,0.2,0.05,185,3
0.2,0.6,0.3,0.2,0.1,187,3
0.2,0.6,0.3,0.2,0.15,187,3
0.2,0.6,0.3,0.2,0.2,185,3
0.2,0.6,0.3,0.2,0.25,124,3
0.2,0.6,0.3,0.2,0.3,138,3
0.2,0.6,0.3,0.25,0.05,179,3
0.2,0.6,0.3,0.25,0.1,150,3
0.2,0.6,0.3,0.25,0.15,53,3
0.2,0.6,0.3,0.25,0.2,176,3
0.2,0.6,0.3,0.25,0.25,173,3
0.2,0.6,0.3,0.25,0.3,179,3
0.2,0.6,0.3,0.3,0.05,186,3
0.2,0.6,0.3,0.3,0.1,187,3
0.2,0.6,0.3,0.3,0.15,174,3
0.2,0.6,0.3,0.3,0.2,186,3
0.2,0.6,0.3,0.3,0.25,127,3
0.2,0.6,0.3,0.3,0.3,78,3
0.3,0.6,0.05,0.05,0.05,174,3
0.3,0.6,0.05,0.05,0.1,174,3
0.3,0.6,0.05,0.05,0.15,180,3
0.3,0.6,0.05,0.05,0.2,175,3
0.3,0.6,0.05,0.05,0.25,180,3
0.3,0.6,0.05,0.05,0.3,185,3
0.3,0.6,0.05,0.1,0.05,182,3
0.3,0.6,0.05,0.1,0.1,83,3
0.3,0.6,0.05,0.1,0.15,85,3
0.3,0.6,0.05,0.1,0.2,145,3
0.3,0.6,0.05,0.1,0.25,184,3
0.3,0.6,0.05,0.1,0.3,184,3
0.3,0.6,0.05,0.15,0.05,179,3
0.3,0.6,0.05,0.15,0.1,184,3
0.3,0.6,0.05,0.15,0.15,165,3
0.3,0.6,0.05,0.15,0.2,164,3
0.3,0.6,0.05,0.15,0.25,169,3
0.3,0.6,0.05,0.15,0.3,170,3
0.3,0.6,0.05,0.2,0.05,82,3
0.3,0.6,0.05,0.2,0.1,175,3
0.3,0.6,0.05,0.2,0.15,178,3
0.3,0.6,0.05,0.2,0.2,85,3
0.3,0.6,0.05,0.2,0.25,173,3
0.3,0.6,0.05,0.2,0.3,167,3
0.3,0.6,0.05,0.25,0.05,162,3
0.3,0.6,0.05,0.25,0.1,169,3
0.3,0.6,0.05,0.25,0.15,191,3
0.3,0.6,0.05,0.25,0.2,190,3
0.3,0.6,0.05,0.25,0.25,174,3
0.3,0.6,0.05,0.25,0.3,103,3
0.3,0.6,0.05,0.3,0.05,177,3
0.3,0.6,0.05,0.3,0.1,154,3
0.3,0.6,0.05,0.3,0.15,167,3
0.3,0.6,0.05,0.3,0.2,190,3
0.3,0.6,0.05,0.3,0.25,189,3
0.3,0.6,0.05,0.3,0.3,181,3
0.3,0.6,0.1,0.05,0.05,179,3
0.3,0.6,0.1,0.05,0.1,192,3
0.3,0.6,0.1,0.05,0.15,169,3
0.3,0.6,0.1,0.05,0.2,190,3
0.3,0.6,0.1,0.05,0.25,172,3
0.3,0.6,0.1,0.05,0.3,191,3
0.3,0.6,0.1,0.1,0.05,179,3
0.3,0.6,0.1,0.1,0.1,167,3
0.3,0.6,0.1,0.1,0.15,181,3
0.3,0.6,0.1,0.1,0.2,101,3
0.3,0.6,0.1,0.1,0.25,142,3
0.3,0.6,0.1,0.1,0.3,175,3
0.3,0.6,0.1,0.15,0.05,174,3
0.3,0.6,0.1,0.15,0.1,168,3
0.3,0.6,0.1,0.15,0.15,43,3
0.3,0.6,0.1,0.15,0.2,167,3
0.3,0.6,0.1,0.15,0.25,143,3
0.3,0.6,0.1,0.15,0.3,159,3
0.3,0.6,0.1,0.2,0.05,192,3
0.3,0.6,0.1,0.2,0.1,164,3
0.3,0.6,0.1,0.2,0.15,178,3
0.3,0.6,0.1,0.2,0.2,164,3
0.3,0.6,0.1,0.2,0.25,174,3
0.3,0.6,0.1,0.2,0.3,157,3
0.3,0.6,0.1,0.25,0.05,149,3
0.3,0.6,0.1,0.25,0.1,151,3
0.3,0.6,0.1,0.25,0.15,178,3
0.3,0.6,0.1,0.25,0.2,182,3
0.3,0.6,0.1,0.25,0.25,182,3
0.3,0.6,0.1,0.25,0.3,179,3
0.3,0.6,0.1,0.3,0.05,189,3
0.3,0.6,0.1,0.3,0.1,180,3
0.3,0.6,0.1,0.3,0.15,148,3
0.3,0.6,0.1,0.3,0.2,152,3
0.3,0.6,0.1,0.3,0.25,69,3
0.3,0.6,0.1,0.3,0.3,187,3
0.3,0.6,0.15,0.05,0.05,177,3
0.3,0.6,0.15,0.05,0.1,184,3
0.3,0.6,0.15,0.05,0.15,181,3
0.3,0.6,0.15,0.05,0.2,185,3
0.3,0.6,0.15,0.05,0.25,186,3
0.3,0.6,0.15,0.05,0.3,183,3
0.3,0.6,0.15,0.1,0.05,166,3
0.3,0.6,0.15,0.1,0.1,104,3
0.3,0.6,0.15,0.1,0.15,177,3
0.3,0.6,0.15,0.1,0.2,174,3
0.3,0.6,0.15,0.1,0.25,171,3
0.3,0.6,0.15,0.1,0.3,175,3
0.3,0.6,0.15,0.15,0.05,169,3
0.3,0.6,0.15,0.15,0.1,171,3
0.3,0.6,0.15,0.15,0.15,180,3
0.3,0.6,0.15,0.15,0.2,184,3
0.3,0.6,0.15,0.15,0.25,174,3
0.3,0.6,0.15,0.15,0.3,167,3
0.3,0.6,0.15,0.2,0.05,187,3
0.3,0.6,0.15,0.2,0.1,192,3
0.3,0.6,0.15,0.2,0.15,164,3
0.3,0.6,0.15,0.2,0.2,180,3
0.3,0.6,0.15,0.2,0.25,166,3
0.3,0.6,0.15,0.2,0.3,174,3
0.3,0.6,0.15,0.25,0.05,168,3
0.3,0.6,0.15,0.25,0.1,167,3
0.3,0.6,0.15,0.25,0.15,144,3
0.3,0.6,0.15,0.25,0.2,187,3
0.3,0.6,0.15,0.25,0.25,191,3
0.3,0.6,0.15,0.25,0.3,178,3
0.3,0.6,0.15,0.3,0.05,189,3
0.3,0.6,0.15,0.3,0.1,157,3
0.3,0.6,0.15,0.3,0.15,186,3
0.3,0.6,0.15,0.3,0.2,189,3
0.3,0.6,0.15,0.3,0.25,143,3
0.3,0.6,0.15,0.3,0.3,168,3
0.3,0.6,0.2,0.05,0.05,177,3
0.3,0.6,0.2,0.05,0.1,185,3
0.3,0.6,0.2,0.05,0.15,189,3
0.3,0.6,0.2,0.05,0.2,141,3
0.3,0.6,0.2,0.05,0.25,187,3
0.3,0.6,0.2,0.05,0.3,178,3
0.3,0.6,0.2,0.1,0.05,188,3
0.3,0.6,0.2,0.1,0.1,180,3
0.3,0.6,0.2,0.1,0.15,178,3
0.3,0.6,0.2,0.1,0.2,189,3
0.3,0.6,0.2,0.1,0.25,169,3
0.3,0.6,0.2,0.1,0.3,177,3
0.3,0.6,0.2,0.15,0.05,170,3
0.3,0.6,0.2,0.15,0.1,182,3
0.3,0.6,0.2,0.15,0.15,178,3
0.3,0.6,0.2,0.15,0.2,180,3
0.3,0.6,0.2,0.15,0.25,178,3
0.3,0.6,0.2,0.15,0.3,180,3
0.3,0.6,0.2,0.2,0.05,179,3
0.3,0.6,0.2,0.2,0.1,192,3
0.3,0.6,0.2,0.2,0.15,188,3
0.3,0.6,0.2,0.2,0.2,179,3
0.3,0.6,0.2,0.2,0.25,173,3
0.3,0.6,0.2,0.2,0.3,185,3
0.3,0.6,0.2,0.25,0.05,171,3
0.3,0.6,0.2,0.25,0.1,112,3
0.3,0.6,0.2,0.25,0.15,91,3
0.3,0.6,0.2,0.25,0.2,180,3
0.3,0.6,0.2,0.25,0.25,188,3
0.3,0.6,0.2,0.25,0.3,185,3
0.3,0.6,0.2,0.3,0.05,189,3
0.3,0.6,0.2,0.3,0.1,162,3
0.3,0.6,0.2,0.3,0.15,177,3
0.3,0.6,0.2,0.3,0.2,108,3
0.3,0.6,0.2,0.3,0.25,168,3
0.3,0.6,0.2,0.3,0.3,142,3
0.3,0.6,0.25,0.05,0.05,187,3
0.3,0.6,0.25,0.05,0.1,163,3
0.3,0.6,0.25,0.05,0.15,182,3
0.3,0.6,0.25,0.05,0.2,187,3
0.3,0.6,0.25,0.05,0.25,177,3
0.3,0.6,0.25,0.05,0.3,186,3
0.3,0.6,0.25,0.1,0.05,175,3
0.3,0.6,0.25,0.1,0.1,180,3
0.3,0.6,0.25,0.1,0.15,180,3
0.3,0.6,0.25,0.1,0.2,179,3
0.3,0.6,0.25,0.1,0.25,174,3
0.3,0.6,0.25,0.1,0.3,102,3
0.3,0.6,0.25,0.15,0.05,172,3
0.3,0.6,0.25,0.15,0.1,164,3
0.3,0.6,0.25,0.15,0.15,180,3
0.3,0.6,0.25,0.15,0.2,178,3
0.3,0.6,0.25,0.15,0.25,177,3
0.3,0.6,0.25,0.15,0.3,176,3
0.3,0.6,0.25,0.2,0.05,182,3
0.3,0.6,0.25,0.2,0.1,191,3
0.3,0.6,0.25,0.2,0.15,192,3
0.3,0.6,0.25,0.2,0.2,160,3
0.3,0.6,0.25,0.2,0.25,157,3
0.3,0.6,0.25,0.2,0.3,189,3
0.3,0.6,0.25,0.25,0.05,183,3
0.3,0.6,0.25,0.25,0.1,115,3
0.3,0.6,0.25,0.25,0.15,167,3
0.3,0.6,0.25,0.25,0.2,179,3
0.3,0.6,0.25,0.25,0.25,88,3
0.3,0.6,0.25,0.25,0.3,192,3
0.3,0.6,0.25,0.3,0.05,189,3
0.3,0.6,0.25,0.3,0.1,189,3
0.3,0.6,0.25,0.3,0.15,155,3
0.3,0.6,0.25,0.3,0.2,176,3
0.3,0.6,0.25,0.3,0.25,151,3
0.3,0.6,0.25,0.3,0.3,106,3
0.3,0.6,0.3,0.05,0.05,178,3
0.3,0.6,0.3,0.05,0.1,183,3
0.3,0.6,0.3,0.05,0.15,179,3
0.3,0.6,0.3,0.05,0.2,181,3
0.3,0.6,0.3,0.05,0.25,190,3
0.3,0.6,0.3,0.05,0.3,174,3
0.3,0.6,0.3,0.1,0.05,168,3
0.3,0.6,0.3,0.1,0.1,191,3
0.3,0.6,0.3,0.1,0.15,179,3
0.3,0.6,0.3,0.1,0.2,182,3
0.3,0.6,0.3,0.1,0.25,174,3
0.3,0.6,0.3,0.1,0.3,183,3
0.3,0.6,0.3,0.15,0.05,179,3
0.3,0.6,0.3,0.15,0.1,183,3
0.3,0.6,0.3,0.15,0.15,153,3
0.3,0.6,0.3,0.15,0.2,180,3
0.3,0.6,0.3,0.15,0.25,180,3
0.3,0.6,0.3,0.15,0.3,165,3
0.3,0.6,0.3,0.2,0.05,182,3
0.3,0.6,0.3,0.2,0.1,192,3
0.3,0.6,0.3,0.2,0.15,191,3
0.3,0.6,0.3,0.2,0.2,189,3
0.3,0.6,0.3,0.2,0.25,172,3
0.3,0.6,0.3,0.2,0.3,173,3
0.3,0.6,0.3,0.25,0.05,183,3
0.3,0.6,0.3,0.25,0.1,138,3
0.3,0.6,0.3,0.25,0.15,175,3
0.3,0.6,0.3,0.25,0.2,155,3
0.3,0.6,0.3,0.25,0.25,170,3
0.3,0.6,0.3,0.25,0.3,180,3
0.3,0.6,0.3,0.3,0.05,189,3
0.3,0.6,0.3,0.3,0.1,189,3
0.3,0.6,0.3,0.3,0.15,162,3
0.3,0.6,0.3,0.3,0.2,189,3
0.3,0.6,0.3,0.3,0.25,79,3
0.3,0.6,0.3,0.3,0.3,175,3
